,City,Country,Lat,Lng,Max Temp,Humidity,Cloudiness,Wind Speed,Current Description
0,Grindavik,IS,63.8424,-22.4338,17.6,53,75,14.97,broken clouds
1,Jamestown,SH,-15.9387,-5.7168,71.42,76,3,17.0,clear sky
2,Khorixas,NA,-20.3667,14.9667,80.17,37,58,7.87,broken clouds
3,Cayenne,GF,4.9333,-52.3333,82.4,83,90,9.22,overcast clouds
4,Khatanga,RU,71.9667,102.5,-11.61,86,10,9.01,clear sky
5,Ulaanbaatar,MN,47.9077,106.8832,17.6,79,0,2.57,clear sky
6,Cape Town,ZA,-33.9258,18.4232,66.0,88,20,19.57,few clouds
7,Hermanus,ZA,-34.4187,19.2345,64.99,92,96,12.3,light rain
8,Atagay,RU,55.1033,99.3875,29.86,99,97,0.92,overcast clouds
9,Qaanaaq,GL,77.484,-69.3632,-12.1,67,26,6.29,scattered clouds
10,Punta Arenas,CL,-53.15,-70.9167,48.2,57,0,21.85,clear sky
11,Itaituba,BR,-4.2761,-55.9836,81.59,80,100,2.73,overcast clouds
12,Fortuna,US,40.5982,-124.1573,54.0,81,90,10.36,overcast clouds
13,Hilo,US,19.7297,-155.09,75.2,64,90,8.05,moderate rain
14,Rikitea,PF,-23.1203,-134.9692,77.52,68,79,17.49,broken clouds
15,Champerico,GT,14.3,-91.9167,93.2,52,20,13.8,few clouds
16,Cairns,AU,-16.9167,145.7667,77.0,83,90,3.44,overcast clouds
17,Buala,SB,-8.145,159.5921,81.75,82,78,3.85,light rain
18,Hay River,CA,60.8156,-115.7999,17.6,62,100,10.36,overcast clouds
19,Skala Fourkas,GR,39.9998,23.3841,48.0,75,100,10.0,overcast clouds
20,Georgetown,SH,-7.9333,-14.4167,79.41,71,38,14.74,scattered clouds
21,Lázaro Cárdenas,MX,17.9583,-102.2,84.34,49,90,11.14,overcast clouds
22,Ushuaia,AR,-54.8,-68.3,46.4,57,40,10.36,scattered clouds
23,Balakovo,RU,52.0278,47.8007,29.37,93,51,4.83,broken clouds
24,Oktyabr'skoye,RU,43.0645,44.7417,44.6,70,25,8.95,scattered clouds
25,Bambous Virieux,MU,-20.3428,57.7575,81.0,78,52,5.99,broken clouds
26,Orlik,RU,52.5178,99.825,7.81,94,36,2.3,scattered clouds
27,Chokurdakh,RU,70.6333,147.9167,-25.94,100,53,4.81,broken clouds
28,Tuatapere,NZ,-46.1333,167.6833,54.0,84,97,20.0,light rain
29,Storsteinnes,NO,69.2408,19.2344,30.2,93,20,3.44,few clouds
30,Albany,AU,-35.0169,117.8917,66.2,94,90,3.44,overcast clouds
31,Preobrazhenka,UA,47.5719,35.8167,33.8,93,100,4.47,mist
32,Thompson,CA,55.7435,-97.8558,42.8,28,40,2.3,scattered clouds
33,Igunga,TZ,-4.2833,33.8833,69.69,78,100,7.4,overcast clouds
34,Puerto Ayora,EC,-0.7393,-90.3518,86.0,66,20,16.11,few clouds
35,Santa Maria da Boa Vista,BR,-8.8078,-39.8256,87.35,27,40,10.2,scattered clouds
36,Codajás,BR,-3.8367,-62.0569,79.88,90,99,1.88,overcast clouds
37,Busselton,AU,-33.65,115.3333,63.0,92,1,1.19,clear sky
38,Marsh Harbour,BS,26.5412,-77.0636,67.37,60,100,15.41,overcast clouds
39,Tuktoyaktuk,CA,69.4541,-133.0374,-2.2,78,75,19.57,snow
40,Fairbanks,US,64.8378,-147.7164,33.01,93,90,11.5,light snow
41,Dikson,RU,73.5069,80.5464,8.04,89,100,7.18,overcast clouds
42,Taltal,CL,-25.4,-70.4833,68.2,70,19,5.14,few clouds
43,Nikolskoye,RU,59.7035,30.7861,39.99,75,0,6.71,clear sky
44,Taywarah,AF,33.35,64.4167,39.34,30,0,2.24,clear sky
45,Broome,AU,-17.9667,122.2333,71.6,64,3,5.75,clear sky
46,Dingle,IE,52.1408,-10.2689,46.4,90,50,9.19,scattered clouds
47,Carballo,ES,43.213,-8.691,53.6,66,0,2.3,clear sky
48,Makat,KZ,47.6469,53.3463,47.12,72,82,11.3,broken clouds
49,Mahébourg,MU,-20.4081,57.7,81.0,78,42,5.99,scattered clouds
50,Norman Wells,CA,65.282,-126.8329,19.4,58,75,11.5,broken clouds
51,Aklavik,CA,68.2191,-135.0107,12.2,62,100,5.75,overcast clouds
52,Haines Junction,CA,60.7522,-137.5108,39.2,35,100,3.44,overcast clouds
53,Phonhong,LA,18.5007,102.4166,74.37,86,100,1.99,overcast clouds
54,Esperance,AU,-33.8667,121.9,60.8,88,40,4.61,scattered clouds
55,Chui,UY,-33.6971,-53.4616,70.11,81,16,12.12,few clouds
56,Bubaque,GW,11.2833,-15.8333,75.6,74,19,18.84,few clouds
57,Hobart,AU,-42.8794,147.3294,54.0,71,20,6.91,few clouds
58,Carnarvon,AU,-24.8667,113.6333,75.2,83,12,16.11,few clouds
59,Port Blair,IN,11.6667,92.75,78.96,80,22,2.51,few clouds
60,Okahandja,NA,-21.9833,16.9167,68.0,54,53,1.99,broken clouds
61,Wanning,CN,18.8003,110.3967,74.59,91,5,5.01,clear sky
62,Litovko,RU,49.2361,135.1742,31.55,69,79,0.54,broken clouds
63,Bredasdorp,ZA,-34.5322,20.0403,64.4,94,100,9.22,light rain
64,Quatre Cocos,MU,-20.2078,57.7625,81.0,78,51,5.99,broken clouds
65,Vaini,TO,-21.2,-175.2,77.0,83,20,9.22,few clouds
66,Ilulissat,GL,69.2167,-51.1,21.2,63,75,19.57,light snow
67,Saint Paul Harbor,US,57.79,-152.4072,46.4,61,20,3.44,few clouds
68,Sibolga,ID,1.7427,98.7792,76.12,88,55,2.08,broken clouds
69,Livingstone,ZM,-17.8419,25.8543,66.36,61,0,2.48,clear sky
70,Vila Velha,BR,-20.3297,-40.2925,80.6,69,40,12.66,scattered clouds
71,Cabo San Lucas,MX,22.8909,-109.9124,93.2,19,1,20.71,clear sky
72,Atuona,PF,-9.8,-139.0333,80.71,80,59,10.11,broken clouds
73,Iqaluit,CA,63.7506,-68.5145,10.4,79,20,3.44,few clouds
74,Brighton,US,43.1476,-77.5506,55.0,40,20,10.36,few clouds
75,Loreto,MX,22.2667,-101.9667,79.38,12,34,4.03,scattered clouds
76,Port Alfred,ZA,-33.5906,26.891,67.03,87,51,12.37,broken clouds
77,Yatou,CN,37.15,122.3833,42.08,51,2,5.21,clear sky
78,Warmbad,NA,-28.45,18.7333,78.08,28,0,9.19,clear sky
79,Provideniya,RU,64.3833,-173.3,5.0,61,0,4.47,clear sky
80,Cervo,ES,43.6702,-7.4101,53.01,80,15,4.0,few clouds
81,Nouadhibou,MR,20.931,-17.0347,66.2,77,100,18.41,overcast clouds
82,Barrow,US,71.2906,-156.7887,-5.8,71,1,14.97,clear sky
83,New Norfolk,AU,-42.7826,147.0587,54.0,68,55,3.0,broken clouds
84,Souillac,MU,-20.5167,57.5167,81.0,78,32,5.99,light rain
85,East London,ZA,-33.0153,27.9116,66.9,73,1,12.91,clear sky
86,Port Elizabeth,ZA,-33.918,25.5701,64.4,94,75,13.8,broken clouds
87,Faanui,PF,-16.4833,-151.75,82.08,75,20,9.91,few clouds
88,Chilca,PE,-12.5211,-76.7372,80.6,54,0,8.05,clear sky
89,Mount Isa,AU,-20.7333,139.5,69.8,73,40,8.34,scattered clouds
90,São João da Barra,BR,-21.6403,-41.0511,80.6,65,20,13.8,few clouds
91,Tra Vinh,VN,9.9347,106.3453,80.37,76,99,9.8,overcast clouds
92,Katsuura,JP,35.1333,140.3,66.2,94,75,5.75,light rain
93,Kapaa,US,22.0752,-159.319,75.2,60,75,14.97,broken clouds
94,Lavrentiya,RU,65.5833,-171.0,-0.96,77,30,7.85,scattered clouds
95,Butaritari,KI,3.0707,172.7902,82.06,79,94,16.17,overcast clouds
96,Sinnamary,GF,5.3833,-52.95,78.28,86,99,9.24,overcast clouds
97,Vysha,RU,53.8477,42.3777,27.91,97,12,2.77,few clouds
98,Narsaq,GL,60.9167,-46.05,41.0,75,75,6.91,broken clouds
99,São Gabriel da Cachoeira,BR,-0.1303,-67.0892,78.03,94,100,2.21,moderate rain
100,Hasaki,JP,35.7333,140.8333,60.8,100,75,4.61,moderate rain
101,Skibbereen,IE,51.55,-9.2667,44.6,76,75,17.27,broken clouds
102,Hithadhoo,MV,-0.6,73.0833,83.3,73,92,18.03,overcast clouds
103,Clyde River,CA,70.4692,-68.5914,-9.4,77,1,6.91,clear sky
104,Barcelos,BR,-0.9747,-62.9242,83.88,71,59,3.78,broken clouds
105,Deniliquin,AU,-35.5333,144.9667,57.0,83,0,6.73,clear sky
106,Mehamn,NO,71.0357,27.8492,33.04,97,100,5.84,light snow
107,Belmonte,BR,-15.8631,-38.8828,82.4,83,40,8.05,scattered clouds
108,Jalu,LY,29.0331,21.5482,72.59,10,0,11.45,clear sky
109,Shelburne,CA,44.0787,-80.2041,57.2,30,1,10.36,clear sky
110,Castro,CL,-42.4721,-73.7732,64.99,59,0,11.5,clear sky
111,Severo-Kuril'sk,RU,50.6789,156.125,29.01,85,92,14.23,overcast clouds
112,Bilibino,RU,68.0546,166.4372,-9.38,94,40,1.77,scattered clouds
113,Kelvington,CA,52.1667,-103.5343,57.2,28,100,25.32,overcast clouds
114,Padang,ID,-0.9492,100.3543,73.4,94,90,2.3,overcast clouds
115,Maceió,BR,-9.6658,-35.7353,78.8,89,75,6.91,broken clouds
116,Aleksandrovsk-Sakhalinskiy,RU,50.8975,142.1561,25.61,81,99,1.34,overcast clouds
117,Xique-Xique,BR,-10.8218,-42.7263,83.46,44,5,1.1,clear sky
118,Ahipara,NZ,-35.1667,173.1667,65.07,72,95,4.41,overcast clouds
119,Santiago,BR,-29.1917,-54.8672,75.65,63,100,2.26,overcast clouds
120,San Patricio,MX,19.2167,-104.7,82.4,78,40,11.5,scattered clouds
121,Porto Novo,CV,17.0197,-25.0647,73.4,73,20,29.93,few clouds
122,Tasiilaq,GL,65.6145,-37.6368,21.2,86,90,14.97,snow
123,Burlington,US,39.8835,-74.6413,66.99,25,1,10.36,clear sky
124,Bluff,NZ,-46.6,168.3333,54.0,84,89,20.0,overcast clouds
125,Klaksvík,FO,62.2266,-6.589,24.8,54,75,33.38,light rain
126,Upernavik,GL,72.7868,-56.1549,-10.59,87,32,12.44,scattered clouds
127,Springfield,US,37.2153,-93.2982,75.99,43,1,8.05,clear sky
128,Windsor,CA,42.3001,-83.0165,66.0,31,1,8.05,clear sky
129,Belyy Yar,RU,53.6039,91.3903,24.8,86,18,2.24,few clouds
130,Strezhevoy,RU,60.7333,77.5889,37.4,65,0,8.95,clear sky
131,Tazovsky,RU,67.4667,78.7,30.22,98,100,8.52,light snow
132,Mar del Plata,AR,-38.0023,-57.5575,73.99,78,40,18.41,scattered clouds
133,Lábrea,BR,-7.2586,-64.7981,77.07,95,99,3.76,overcast clouds
134,São Filipe,CV,14.8961,-24.4956,74.37,71,11,8.37,few clouds
135,Merauke,ID,-8.4667,140.3333,78.53,86,100,4.21,overcast clouds
136,Sioux City,US,42.5,-96.4003,84.2,20,1,4.61,clear sky
137,Hofn,IS,64.2539,-15.2082,16.97,57,45,19.66,scattered clouds
138,Saint George,BM,32.3817,-64.6781,60.8,55,75,16.11,broken clouds
139,Bela Palanka,RS,43.2183,22.3111,39.2,81,75,2.3,broken clouds
140,Shellbrook,CA,53.2168,-106.4011,46.4,61,90,14.97,overcast clouds
141,Sisophon,KH,13.5859,102.9737,79.09,79,100,5.37,overcast clouds
142,Dunedin,NZ,-45.8742,170.5036,59.0,70,17,3.0,few clouds
143,Dhidhdhoo,MV,6.8833,73.1,82.76,70,58,12.44,broken clouds
144,Qāzigund,IN,33.6333,75.15,48.43,89,100,3.06,overcast clouds
145,Karasjok,NO,69.4719,25.5112,30.2,93,90,8.05,light snow
146,Bousso,TD,10.4795,16.7117,90.77,17,8,4.36,clear sky
147,Ponta do Sol,CV,17.1994,-25.0919,73.4,73,20,29.93,few clouds
148,Lebanon,US,36.2081,-86.2911,73.4,23,1,5.75,clear sky
149,Quelimane,MZ,-17.8786,36.8883,78.8,78,0,5.75,clear sky
150,Northam,AU,-31.6667,116.6667,59.0,82,92,4.43,overcast clouds
151,Nome,US,64.5011,-165.4064,-0.4,71,90,29.93,snow
152,Mayo,CA,63.5927,-135.8998,26.6,86,90,4.61,light snow
153,Bethel,US,41.3712,-73.414,60.8,23,1,12.66,clear sky
154,Qaqortoq,GL,60.7167,-46.0333,41.0,75,75,6.91,broken clouds
155,Cidreira,BR,-30.1811,-50.2056,73.0,76,6,17.45,clear sky
156,Leh,IN,34.1667,77.5833,34.79,82,99,5.64,overcast clouds
157,Salinas,EC,-2.2167,-80.9667,82.4,65,0,5.75,clear sky
158,Hunucmá,MX,21.0167,-89.8667,86.0,54,75,6.91,broken clouds
159,Saint-Philippe,RE,-21.3585,55.7679,78.8,78,0,5.75,clear sky
160,New Iberia,US,30.0035,-91.8187,73.4,43,1,5.75,clear sky
161,Pisco,PE,-13.7,-76.2167,82.4,54,0,13.8,clear sky
162,Saskylakh,RU,71.9167,114.0833,-26.88,100,23,3.76,few clouds
163,Coquimbo,CL,-29.9533,-71.3436,66.2,63,40,6.91,scattered clouds
164,Saint-François,GP,16.2526,-61.2741,82.4,61,20,12.66,few clouds
165,Roma,AU,-26.5833,148.7833,66.42,81,100,8.79,light rain
166,Troitsko-Pechorsk,RU,62.7084,56.1964,18.57,96,70,3.15,broken clouds
167,Anloga,GH,5.7947,0.8973,84.2,84,20,12.66,few clouds
168,Khasan,RU,42.4308,130.6434,37.67,54,0,4.38,clear sky
169,Lebu,CL,-37.6167,-73.65,60.03,71,27,12.59,scattered clouds
170,Oromocto,CA,45.8351,-66.4792,30.2,86,90,9.22,snow
171,Torbay,CA,47.6666,-52.7314,42.01,100,90,16.11,light intensity drizzle
172,Avarua,CK,-21.2078,-159.775,84.2,79,40,18.41,light rain
173,Grand Gaube,MU,-20.0064,57.6608,81.0,78,6,5.99,clear sky
174,Rāhuri,IN,19.3833,74.65,80.2,42,5,8.1,clear sky
175,Jinchang,CN,38.4953,102.1739,43.41,62,0,6.51,clear sky
176,Slave Lake,CA,55.2834,-114.769,41.0,65,40,13.8,scattered clouds
177,Port Hedland,AU,-20.3167,118.5667,71.6,60,5,9.19,clear sky
178,Pangnirtung,CA,66.1451,-65.7125,10.4,67,20,5.75,few clouds
179,Chapleau,CA,47.8405,-83.4034,53.6,28,75,8.05,broken clouds
180,Adwa,ET,14.1646,38.8955,65.91,56,1,5.61,clear sky
181,Iracoubo,GF,5.4802,-53.2011,78.44,85,100,9.4,overcast clouds
182,Nanortalik,GL,60.1432,-45.2371,34.95,88,18,7.56,few clouds
183,Lufilufi,WS,-13.8745,-171.5986,86.0,74,75,3.44,light rain
184,Saldanha,ZA,-33.0117,17.9442,64.4,88,6,8.05,clear sky
185,Hamilton,BM,32.2915,-64.778,60.8,55,75,16.11,broken clouds
186,Gayéri,BF,12.6497,0.4931,88.32,8,1,5.68,clear sky
187,Yangambi,CD,0.8102,24.4336,72.95,83,100,2.95,overcast clouds
188,Ārvi,IN,20.9833,78.2333,83.39,10,0,7.52,clear sky
189,Tara,RU,56.8944,74.371,30.97,79,100,10.42,overcast clouds
190,Kirakira,SB,-10.4544,161.9205,82.47,79,74,2.57,broken clouds
191,Ust'-Kut,RU,56.7938,105.7672,21.67,98,100,0.81,overcast clouds
192,Ancud,CL,-41.8697,-73.8203,64.99,59,0,11.5,clear sky
193,Waipawa,NZ,-41.4122,175.5153,64.99,82,40,16.11,scattered clouds
194,Magadan,RU,59.5667,150.8,13.26,73,100,8.32,overcast clouds
195,Arraial do Cabo,BR,-22.9661,-42.0278,77.0,88,40,3.44,scattered clouds
196,Presidencia Roque Sáenz Peña,AR,-26.7852,-60.4388,80.78,59,100,5.59,overcast clouds
197,Lichtenburg,ZA,-26.152,26.1597,59.86,64,0,6.98,clear sky
198,Yellowknife,CA,62.456,-114.3525,25.0,49,1,5.75,clear sky
199,Cabedelo,BR,-6.9811,-34.8339,82.4,83,40,9.22,scattered clouds
200,Sept-Îles,CA,50.2001,-66.3821,33.8,75,90,5.75,snow
201,Malumfashi,NG,11.7853,7.6218,79.74,12,19,9.48,few clouds
202,Simao,CN,22.7886,100.9748,57.7,95,100,1.43,light rain
203,Bonfim,BR,3.0833,-59.95,85.14,63,91,12.53,heavy intensity rain
204,Saint-Augustin,CA,51.226,-58.6502,37.18,99,100,17.47,overcast clouds
205,Ribeira Grande,PT,38.5167,-28.7,60.8,94,75,17.27,broken clouds
206,Talnakh,RU,69.4865,88.3972,4.1,72,100,11.54,overcast clouds
207,Beringovskiy,RU,63.05,179.3167,-0.4,84,14,3.27,few clouds
208,Kenai,US,60.5544,-151.2583,41.0,81,1,31.07,clear sky
209,Along,IN,28.1667,94.7667,60.76,65,67,2.44,broken clouds
210,Bon Air,US,37.5249,-77.5578,75.0,26,5,1.99,clear sky
211,Celestún,MX,20.8667,-90.4,79.88,58,31,21.77,scattered clouds
212,Port Moresby,PG,-9.4431,147.1797,75.2,94,40,3.44,scattered clouds
213,Imaculada,BR,-7.3897,-37.5092,72.25,76,86,4.14,overcast clouds
214,Tiznit Province,MA,29.5833,-9.5,55.51,77,1,4.16,clear sky
215,Mandalgovi,MN,45.7625,106.2708,32.34,26,25,3.06,scattered clouds
216,Cururupu,BR,-1.8283,-44.8683,76.87,93,100,5.73,overcast clouds
217,Flinders,AU,-34.5833,150.8552,69.01,91,26,1.01,scattered clouds
218,Kimbe,PG,-5.5502,150.1429,77.18,91,98,3.11,overcast clouds
219,Betanzos,BO,-19.5506,-65.4533,54.45,69,78,3.65,broken clouds
220,Wasilla,US,61.5814,-149.4394,39.2,81,90,5.95,moderate rain
221,Banda Aceh,ID,5.5577,95.3222,79.68,79,100,8.63,overcast clouds
222,Olafsvik,IS,64.8945,-23.7142,19.53,52,100,14.25,overcast clouds
223,Diffa,NE,13.3154,12.6113,83.32,10,1,8.95,clear sky
224,Beloha,MG,-25.1667,45.05,67.42,89,12,6.87,light rain
225,North Bend,US,43.4065,-124.2243,59.0,76,40,19.57,scattered clouds
226,Bilma,NE,18.6853,12.9164,77.67,9,0,7.38,clear sky
227,Te Anau,NZ,-45.4167,167.7167,54.27,74,94,8.59,overcast clouds
228,Manzanillo,MX,19.0501,-104.3188,82.4,78,40,11.5,scattered clouds
229,Hualmay,PE,-11.0964,-77.6139,74.19,73,33,8.01,scattered clouds
230,Kanniyākumāri,IN,8.0833,77.5667,79.39,79,6,18.97,clear sky
231,Melton,AU,-37.6833,144.5833,60.01,78,100,7.23,overcast clouds
232,Poya,NC,-21.35,165.15,76.44,69,63,6.49,broken clouds
233,Tiksi,RU,71.6872,128.8694,-18.81,100,100,4.85,overcast clouds
234,Raymond Terrace,AU,-32.75,151.75,66.0,100,40,1.88,scattered clouds
235,College,US,64.8569,-147.8028,33.01,80,90,11.5,light snow
236,Elbistan,TR,38.2059,37.1983,46.29,75,1,1.88,clear sky
237,Balotra,IN,25.8333,72.2333,81.97,23,0,12.17,clear sky
238,Bonthe,SL,7.5264,-12.505,79.95,85,60,7.38,broken clouds
239,Maragogi,BR,-9.0122,-35.2225,79.66,78,16,8.59,few clouds
240,Jega,NG,12.2175,4.3792,85.68,11,4,8.88,clear sky
241,Jasper,CA,52.8833,-118.0857,42.8,39,90,5.75,overcast clouds
242,Tiarei,PF,-17.5333,-149.3333,84.2,74,40,4.61,scattered clouds
243,Muros,ES,42.7762,-9.0603,57.99,68,4,7.29,clear sky
244,Kozhva,RU,65.1073,57.0459,16.59,97,72,1.19,broken clouds
245,Meadow Lake,CA,54.1335,-108.4347,50.0,50,40,14.97,scattered clouds
246,Esim,GH,4.8699,-2.2405,79.36,90,3,3.8,light rain
247,Naryan-Mar,RU,67.6713,53.087,12.69,94,19,7.96,few clouds
248,Aksaray,TR,38.3726,34.0254,53.6,58,75,16.11,broken clouds
249,Kavieng,PG,-2.5744,150.7967,79.38,81,96,6.46,moderate rain
250,Kutum,SD,14.2,24.6667,71.64,13,13,10.04,few clouds
251,Baruun-Urt,MN,46.6806,113.2792,33.6,55,0,6.06,clear sky
252,Mukhen,RU,48.1,136.1,33.22,56,100,6.62,overcast clouds
253,Verkhoyansk,RU,67.5447,133.385,-17.61,99,98,2.8,overcast clouds
254,Salalah,OM,17.0151,54.0924,80.6,83,0,3.44,clear sky
255,Kitami,JP,43.8031,143.8908,35.01,74,100,5.99,overcast clouds
256,Kortkeros,RU,61.8106,51.5806,26.6,100,0,4.47,clear sky
257,Wakkanai,JP,45.4094,141.6739,35.28,63,0,10.31,clear sky
258,Oddur,SO,4.1213,43.8894,77.31,74,68,12.39,light rain
259,Ostrovnoy,RU,68.0531,39.5131,32.22,90,100,16.8,overcast clouds
260,Santander Jiménez,MX,24.2167,-98.4667,82.09,41,35,19.69,scattered clouds
261,Takoradze,GH,4.8845,-1.7554,79.21,88,5,4.36,moderate rain
262,Carnot,CF,4.9409,15.8665,82.02,38,82,2.39,broken clouds
263,Coyhaique,CL,-45.5752,-72.0662,62.6,67,75,3.44,broken clouds
264,Champasak,LA,14.75,106.0,72.37,91,84,1.99,broken clouds
265,Kamyshla,RU,54.1169,52.1426,32.13,90,100,9.1,overcast clouds
266,Chichibu,JP,35.9903,139.0764,59.0,94,40,4.76,scattered clouds
267,Bathsheba,BB,13.2167,-59.5167,82.4,61,40,14.97,scattered clouds
268,Parkes,AU,-33.1333,148.1833,61.97,60,0,4.38,clear sky
269,Mogadishu,SO,2.0371,45.3438,81.84,78,84,10.96,broken clouds
270,Galesong,ID,-5.3166,119.3661,77.0,100,40,3.44,scattered clouds
271,Pudozh,RU,61.8099,36.5345,34.03,97,100,10.89,snow
272,Dolinsk,RU,47.35,142.8,19.4,86,1,4.47,clear sky
273,Mkushi,ZM,-13.6202,29.3939,61.11,91,5,4.56,clear sky
274,Shingū,JP,33.7333,135.9833,56.5,90,100,8.46,overcast clouds
275,Gangāpur,IN,26.4833,76.7167,80.76,9,67,5.64,broken clouds
276,Nakło nad Notecią,PL,53.1421,17.6018,42.01,56,40,10.36,scattered clouds
277,Azuaga,ES,38.2667,-5.6833,60.01,71,60,5.01,broken clouds
278,Arman',RU,59.7,150.1667,12.45,68,100,8.05,overcast clouds
279,Lagoa,PT,39.05,-27.9833,60.08,81,100,17.31,overcast clouds
280,Palmer,US,42.1584,-72.3287,59.0,23,20,17.27,few clouds
281,Nantucket,US,41.2835,-70.0995,50.0,43,1,16.11,clear sky
282,Puerto Concordia,CO,2.6221,-72.7572,81.63,79,81,5.57,broken clouds
283,Acarí,PE,-15.4311,-74.6158,79.41,65,100,8.5,overcast clouds
284,Diu,IN,20.7141,70.9822,76.14,81,0,9.26,clear sky
285,Angoram,PG,-4.0625,144.0661,73.49,97,100,1.61,overcast clouds
286,San Cristobal,EC,-0.9045,-89.6174,86.0,70,20,11.5,light rain
287,Lompoc,US,34.6391,-120.4579,64.4,55,73,12.66,broken clouds
288,Viedma,AR,-40.8135,-62.9967,85.75,28,0,18.32,clear sky
289,Mafeteng,LS,-29.823,27.2374,57.06,38,0,2.75,clear sky
290,Mariënburg,SR,5.8469,-55.0216,84.2,70,40,9.22,moderate rain
291,La Libertad,SV,13.4883,-89.3222,93.2,36,0,11.5,clear sky
292,Washougal,US,45.5826,-122.3534,54.0,40,90,8.05,overcast clouds
293,Byron Bay,AU,-28.65,153.6167,68.0,94,90,5.75,overcast clouds
294,Sokoto,NG,13.0609,5.239,85.93,9,2,7.4,clear sky
295,Ketchikan,US,55.3422,-131.6461,41.0,75,90,9.22,overcast clouds
296,Cocobeach,GA,1.0002,9.5823,80.6,89,20,10.36,light rain
297,Nelson Bay,AU,-32.7167,152.15,63.0,100,59,4.32,broken clouds
298,Touros,BR,-5.1989,-35.4608,82.4,69,40,13.8,scattered clouds
299,Santa Cruz Cabrália,BR,-16.2781,-39.0247,77.0,83,75,3.44,broken clouds
300,Paamiut,GL,61.994,-49.6678,37.0,79,92,20.02,overcast clouds
301,Kavaratti,IN,10.5669,72.642,82.04,70,38,13.42,scattered clouds
302,Tāybād,IR,34.74,60.7756,47.37,72,26,10.74,scattered clouds
303,Vestmannaeyjar,IS,63.4427,-20.2734,21.13,50,12,23.2,few clouds
304,Salamiyah,SY,35.0113,37.0532,50.41,78,0,6.29,clear sky
305,Ossora,RU,59.2353,163.0719,17.64,91,100,24.63,snow
306,Krasnosel'kup,RU,65.7,82.4667,32.38,93,100,13.51,overcast clouds
307,Gimli,CA,50.6336,-96.9907,48.2,31,87,12.66,overcast clouds
308,Shalinskoye,RU,55.7228,93.7594,28.17,98,80,4.23,broken clouds
309,Tutóia,BR,-2.7619,-42.2744,79.05,87,90,12.06,overcast clouds
310,Chapais,CA,49.7834,-74.8492,41.0,56,90,5.75,overcast clouds
311,Ko Samui,TH,9.5357,99.9357,82.51,69,100,2.57,overcast clouds
312,Araouane,ML,18.9048,-3.5265,84.76,7,47,2.3,scattered clouds
313,Sárszentmihály,HU,47.1532,18.3388,42.01,49,0,4.0,clear sky
314,Bonavista,CA,48.6499,-53.1147,41.0,93,100,4.61,overcast clouds
315,Yantal',RU,56.8471,105.2542,20.84,98,100,2.19,overcast clouds
316,Mezen',RU,65.8522,44.24,30.94,91,100,11.63,overcast clouds
317,Frankfort,US,38.2009,-84.8733,73.4,27,1,6.91,clear sky
318,Turukhansk,RU,65.8167,87.9833,25.07,97,100,13.62,snow
319,Aleksandrovka,RU,47.22,39.82,37.4,93,75,8.95,light rain
320,Winnetka,US,42.1081,-87.7359,75.99,27,1,12.66,clear sky
321,Falmouth,GB,50.1544,-5.0711,44.6,81,40,9.22,scattered clouds
322,Rundu,NA,-17.9333,19.7667,68.59,54,0,4.09,clear sky
323,Adrar,DZ,25.75,-1.0,80.76,5,10,10.67,clear sky
324,Muravlenko,RU,63.7898,74.523,32.7,98,100,10.96,overcast clouds
325,Synya,RU,65.3718,58.0387,12.42,97,68,1.54,broken clouds
326,Emirdağ,TR,39.0197,31.15,52.5,60,75,28.68,broken clouds
327,Newport,US,41.4901,-71.3128,59.0,40,1,10.36,clear sky
328,Erciş,TR,39.0287,43.3586,37.4,65,40,1.39,scattered clouds
329,Damietta,EG,31.4165,31.8133,62.6,72,0,10.36,clear sky
330,Victoria,SC,-4.6167,55.45,82.99,71,25,5.55,scattered clouds
331,Progress,RU,44.9556,43.9233,49.14,77,100,3.27,overcast clouds
332,Kloulklubed,PW,7.0419,134.2556,77.0,88,75,5.08,broken clouds
333,Bagdarin,RU,54.4333,113.6,22.78,60,3,9.95,clear sky
334,Bengkulu,ID,-3.8004,102.2655,76.62,83,100,9.6,light rain
335,Kaitangata,NZ,-46.2817,169.8464,63.0,48,21,13.0,few clouds
336,Shaowu,CN,27.3409,117.4831,60.49,88,100,0.74,overcast clouds
337,Necochea,AR,-38.5473,-58.7368,80.01,44,8,8.01,clear sky
338,Pervomayskiy,RU,53.2485,40.2871,32.83,93,8,2.84,clear sky
339,Iquitos,PE,-3.7481,-73.2472,84.2,70,75,9.22,broken clouds
340,Henties Bay,NA,-22.116,14.2845,69.89,68,11,5.93,few clouds
341,Lufkin,US,31.3382,-94.7291,77.0,41,75,3.44,broken clouds
342,Reconquista,AR,-29.15,-59.65,82.56,50,1,1.16,clear sky
343,Jiayuguan City,CN,39.8167,98.3,39.69,58,52,1.72,broken clouds
344,Bukachacha,RU,52.9833,116.9167,20.97,80,3,4.63,clear sky
345,Nemuro,JP,43.3236,145.575,33.08,80,96,18.61,overcast clouds
346,San Juan,AR,-31.5375,-68.5364,85.23,32,62,5.86,broken clouds
347,Vanimo,PG,-2.6741,141.3028,77.92,89,95,9.13,overcast clouds
348,Rawson,AR,-43.3002,-65.1023,86.2,27,16,22.15,few clouds
349,Mackenzie,CA,55.2999,-123.1698,37.4,65,1,1.81,clear sky
350,Hambantota,LK,6.1241,81.1185,77.13,79,100,6.04,overcast clouds
351,Erzin,RU,50.261,95.1623,24.42,65,7,5.44,clear sky
352,Mount Gambier,AU,-37.8333,140.7667,57.2,72,78,9.22,broken clouds
353,Batagay-Alyta,RU,67.8006,130.4114,-16.53,97,100,4.07,overcast clouds
354,Koslan,RU,63.4564,48.8989,21.97,95,19,4.12,few clouds
355,Rocha,UY,-34.4833,-54.3333,68.86,85,35,10.87,scattered clouds
356,Suez,EG,29.9737,32.5263,62.11,39,1,8.9,clear sky
357,Kununurra,AU,-15.7667,128.7333,69.8,100,12,2.3,few clouds
358,Nakusp,CA,50.2499,-117.8023,50.0,32,84,6.91,broken clouds
359,General Pico,AR,-35.6566,-63.7568,81.05,41,12,9.86,few clouds
360,Timrå,SE,62.487,17.3257,44.01,70,40,4.61,scattered clouds
361,Ajdabiya,LY,30.7554,20.2263,74.79,12,38,13.47,scattered clouds
362,Aksu,CN,41.1231,80.2644,45.55,50,96,5.93,overcast clouds
363,Kruisfontein,ZA,-34.0033,24.7314,66.0,79,98,1.99,overcast clouds
364,Chaman,PK,30.9236,66.4512,66.27,42,100,4.94,overcast clouds
365,Cascais,PT,38.6979,-9.4215,60.01,77,0,6.91,clear sky
366,Calbuco,CL,-41.768,-73.1273,69.8,52,0,5.75,clear sky
367,Portland,AU,-38.3333,141.6,55.87,72,73,6.62,broken clouds
368,Dehlorān,IR,32.6941,47.2679,66.36,30,0,7.18,clear sky
369,Tanout,NE,14.9709,8.8879,78.6,8,0,10.42,clear sky
370,Isangel,VU,-19.55,169.2667,77.92,71,27,17.34,scattered clouds
371,Cherskiy,RU,68.75,161.3,-8.19,97,72,2.13,broken clouds
372,Eldorado,AR,-26.4045,-54.6258,77.88,54,98,0.49,overcast clouds
373,Mildura,AU,-34.2,142.15,60.8,67,0,8.05,clear sky
374,Bayān,KW,29.3032,48.0488,73.0,26,0,11.5,clear sky
375,Naze,JP,28.3667,129.4833,62.49,75,93,20.2,overcast clouds
376,Broken Hill,AU,-31.95,141.4333,60.8,55,0,8.05,clear sky
377,Balabac,PH,7.9868,117.0645,81.77,75,100,12.82,overcast clouds
378,Hue,VN,16.4667,107.6,73.4,94,20,3.44,few clouds
379,Sola,VU,-13.8833,167.55,80.29,79,100,18.5,light rain
380,Boa Vista,BR,2.8197,-60.6733,93.2,43,75,9.22,light rain
381,Flin Flon,CA,54.7682,-101.865,44.6,39,90,10.36,overcast clouds
382,Klyuchi,RU,52.2667,79.1667,25.77,82,79,9.15,broken clouds
383,Port Lincoln,AU,-34.7333,135.8667,61.81,83,0,12.48,clear sky
384,Sednëv,UA,51.6447,31.565,35.33,75,11,5.41,few clouds
385,Turan,VN,16.0678,108.2208,75.2,94,20,1.14,few clouds
386,Badvel,IN,14.75,79.05,80.8,74,5,4.12,clear sky
387,Abhā,SA,18.2164,42.5053,66.2,39,0,4.12,clear sky
388,Tevaitoa,PF,-16.7833,-151.5,81.7,76,21,12.15,light rain
389,Oranjemund,NA,-28.55,16.4333,62.33,96,27,6.51,scattered clouds
390,Atar,MR,20.5169,-13.0499,87.15,12,72,9.46,broken clouds
391,Santiago de Cao,PE,-7.9589,-79.2392,73.4,83,20,10.36,few clouds
392,Neu-Ulm,DE,48.3928,10.0111,39.2,65,4,1.14,clear sky
393,Husavik,IS,66.0449,-17.3389,17.6,67,90,18.41,overcast clouds
394,Gobabis,NA,-22.45,18.9667,73.74,34,4,8.55,clear sky
395,Srednekolymsk,RU,67.45,153.6833,-5.75,97,90,6.76,overcast clouds
396,Santa Isabel Rio Negro,BR,-0.4139,-65.0192,82.63,82,95,3.13,overcast clouds
397,Petropavlovsk-Kamchatskiy,RU,53.0452,158.6483,33.8,64,20,8.95,few clouds
398,Governador Valadares,BR,-18.8511,-41.9494,74.98,83,47,3.09,scattered clouds
399,Sakakah,SA,29.9697,40.2064,62.6,15,0,4.61,clear sky
400,Mozarlândia,BR,-14.7447,-50.5706,82.08,69,99,6.96,overcast clouds
401,Vardø,NO,70.3705,31.1107,36.25,89,100,18.39,overcast clouds
402,Qinhuangdao,CN,39.9317,119.5883,48.72,29,36,7.45,scattered clouds
403,Luino,IT,46.0019,8.7451,51.8,50,0,2.3,clear sky
404,Sungai Penuh,ID,-2.0833,101.3833,62.62,90,94,1.63,overcast clouds
405,Aurillac,FR,44.9167,2.45,46.4,46,0,8.05,clear sky
406,Novorudnyy,RU,51.5026,58.1873,35.6,93,75,20.13,broken clouds
407,Hayvoron,UA,48.3396,29.8679,39.65,72,4,6.49,clear sky
408,Guerrero Negro,MX,27.9769,-114.0611,70.21,55,0,16.91,clear sky
409,Minsk,BY,53.9,27.5667,33.8,64,0,6.71,clear sky
410,Kijang,ID,0.9,104.6333,78.8,94,20,5.66,few clouds
411,Vao,NC,-22.6667,167.4833,75.88,63,2,21.45,clear sky
412,Puqi,CN,29.7167,113.8833,54.21,84,100,2.86,light rain
413,Russell,NZ,-35.2613,174.1236,57.0,98,100,3.6,overcast clouds
414,Marabá,BR,-5.3686,-49.1178,93.2,55,20,3.44,few clouds
415,Kikwit,CD,-5.041,18.8162,69.55,97,100,1.77,light rain
416,Kabwe,ZM,-14.4469,28.4464,61.34,91,2,4.54,clear sky
417,Imbituba,BR,-28.24,-48.6703,77.0,69,40,10.36,scattered clouds
418,Lorengau,PG,-2.0226,147.2712,80.31,80,100,1.54,overcast clouds
419,Ponta Delgada,PT,37.7333,-25.6667,60.8,94,40,12.66,scattered clouds
420,Torata,PE,-17.0769,-70.8433,64.67,50,85,8.66,overcast clouds
421,Havøysund,NO,70.9963,24.6622,28.4,86,40,8.05,scattered clouds
422,Lerwick,GB,60.1545,-1.1494,30.2,55,75,36.82,light snow
423,Pilar,PH,14.66,120.5653,80.6,83,20,5.75,few clouds
424,Zambezi,ZM,-13.5432,23.1047,66.56,69,42,5.53,scattered clouds
425,La Ronge,CA,55.1001,-105.2842,39.2,75,100,16.11,overcast clouds
426,Jiaxing,CN,30.7522,120.75,51.8,43,0,2.24,clear sky
427,Halifax,CA,44.6453,-63.5724,39.0,93,100,8.05,overcast clouds
428,Mananjary,MG,-21.2167,48.3333,75.6,93,28,7.67,light rain
429,Geraldton,AU,-28.7667,114.6,69.8,88,40,5.75,scattered clouds
430,San Ignacio,PE,-5.1458,-79.0014,71.06,90,94,2.55,moderate rain
431,Huarmey,PE,-10.0681,-78.1522,75.11,73,33,8.93,scattered clouds
432,Marrakesh,MA,31.6315,-8.0083,69.8,40,0,9.22,clear sky
433,Rácalmás,HU,47.0226,18.9406,43.0,52,0,5.75,clear sky
434,Umm Kaddadah,SD,13.6017,26.6876,75.69,11,59,13.44,broken clouds
435,Hammerfest,NO,70.6634,23.6821,28.4,86,40,8.05,scattered clouds
436,Floriano,BR,-6.7669,-43.0225,83.46,56,54,4.59,broken clouds
437,Sisimiut,GL,66.9395,-53.6735,26.01,95,100,6.02,snow
438,Subkhankulovo,RU,54.5574,53.8115,31.6,89,100,11.68,overcast clouds
439,Panjāb,AF,34.388,67.0233,31.62,89,25,3.53,scattered clouds
440,Kahului,US,20.8947,-156.47,75.2,88,40,18.41,moderate rain
441,Zhigansk,RU,66.7697,123.3711,-24.84,100,76,5.14,broken clouds
442,Kajaani,FI,64.2273,27.7285,39.2,70,0,8.05,clear sky
443,Kalispell,US,48.1958,-114.3129,60.01,33,90,9.22,overcast clouds
444,Avanigadda,IN,16.0215,80.9181,80.08,86,41,4.32,scattered clouds
445,Tank,PK,32.2217,70.3793,75.34,24,68,6.6,broken clouds
446,Samagaltay,RU,50.6022,95.0047,23.79,52,11,3.51,few clouds
447,Sur,OM,22.5667,59.5289,84.52,43,1,7.76,clear sky
448,Mossamedes,AO,-15.1961,12.1522,78.71,83,97,4.18,overcast clouds
449,Wad Medani,SD,14.4012,33.5199,87.87,11,5,16.91,clear sky
450,Tianpeng,CN,30.9866,103.9393,55.99,1,100,3.85,overcast clouds
451,Dejen,ET,10.1667,38.1333,63.54,40,27,5.68,scattered clouds
452,Okha,RU,53.5739,142.9478,8.35,87,4,9.73,clear sky
453,Mercedes,AR,-34.6515,-59.4307,78.01,61,95,1.99,overcast clouds
454,Chaplynka,UA,46.3651,33.5403,39.0,100,100,1.01,overcast clouds
455,Zhezkazgan,KZ,47.8043,67.7144,37.54,94,100,14.34,overcast clouds
456,Bull Savanna,JM,17.8868,-77.5902,78.89,65,67,9.26,broken clouds
457,Saint-Joseph,RE,-21.3667,55.6167,77.0,78,0,5.75,clear sky
458,Margate,ZA,-30.8636,30.3705,67.24,81,0,5.48,clear sky
459,Kalmunai,LK,7.4167,81.8167,78.57,83,86,5.44,overcast clouds
460,Brooks,CA,50.5834,-111.8851,57.2,33,88,14.97,overcast clouds
461,Sādri,IN,25.1833,73.4333,81.45,19,0,8.32,clear sky
462,Zyryanka,RU,65.75,150.85,-1.89,95,100,8.59,overcast clouds
463,Aswān,EG,24.0934,32.907,70.32,17,0,8.39,clear sky
464,Osa,RU,57.2829,55.4567,29.88,96,100,8.55,snow
465,Drawsko Pomorskie,PL,53.5306,15.8097,41.0,75,61,4.0,broken clouds
466,Jahānābād,IN,25.2167,84.9833,66.2,45,0,2.8,haze
467,Berezovyy,RU,51.6667,135.7,16.93,86,34,3.71,scattered clouds
468,Yuanping,CN,38.7153,112.7575,47.05,50,100,1.9,overcast clouds
469,Międzychód,PL,52.5988,15.897,42.01,70,0,8.05,clear sky
470,Homer,US,59.6425,-151.5483,39.2,87,90,13.8,light rain
471,Nhulunbuy,AU,-12.2333,136.7667,77.0,88,90,6.31,overcast clouds
472,Makakilo City,US,21.3469,-158.0858,75.2,64,40,11.5,scattered clouds
473,Sompeta,IN,18.9333,84.6,77.68,88,0,7.54,clear sky
474,Shubarkuduk,KZ,49.1447,56.4872,35.11,97,92,8.79,overcast clouds
475,Pecos,US,31.4229,-103.4932,69.8,52,90,11.5,overcast clouds
476,Taoudenni,ML,22.6783,-3.9836,88.5,8,70,10.98,broken clouds
477,Ratnagiri,IN,16.9833,73.3,77.27,79,8,6.17,clear sky
478,Chulym,RU,55.0997,80.9572,22.68,84,100,7.9,overcast clouds
479,Sirte,LY,31.2089,16.5887,68.34,59,82,7.18,broken clouds
480,Pevek,RU,69.7008,170.3133,-10.46,95,97,9.35,overcast clouds
481,Ungheni,MD,47.2042,27.7958,37.4,70,0,8.05,clear sky
482,Mangan,IN,27.5167,88.5333,60.85,30,0,8.86,clear sky
483,Vila Franca do Campo,PT,37.7167,-25.4333,60.8,94,40,12.66,scattered clouds
484,Yulara,AU,-25.2406,130.9889,62.6,48,0,6.91,clear sky
485,Ust-Nera,RU,64.5667,143.2,0.59,97,100,7.47,overcast clouds
486,Mazagão,BR,-0.115,-51.2894,82.4,100,75,6.91,moderate rain
487,Frutal,BR,-20.0247,-48.9406,83.61,34,90,4.63,overcast clouds
488,Ust'-Omchug,RU,61.15,149.6333,-2.47,87,100,3.56,overcast clouds
489,Hervey Bay,AU,-25.2986,152.8535,73.0,97,100,5.01,overcast clouds
490,Oyón,PE,-10.6681,-76.7731,51.58,82,100,2.8,overcast clouds
491,Ballina,AU,-28.8667,153.5667,68.0,94,90,5.75,overcast clouds
492,Nioki,CD,-2.7167,17.6833,74.7,89,99,3.09,light rain
493,Najrān,SA,17.4924,44.1277,69.8,24,63,3.33,dust
494,Morales,CO,2.757,-76.6172,66.16,92,100,1.36,overcast clouds
495,Port-Gentil,GA,-0.7193,8.7815,82.4,89,20,9.22,few clouds
496,Vilcún,CL,-38.65,-72.2333,75.2,46,0,11.5,clear sky
497,Port Hardy,CA,50.6996,-127.4199,46.4,61,20,13.8,few clouds
498,Katherine,AU,-14.4667,132.2667,66.2,88,30,4.41,scattered clouds
499,Kismayo,SO,-0.3582,42.5454,82.09,81,100,6.49,overcast clouds
500,Dawlatabad,AF,36.4141,64.9053,49.37,75,5,2.8,clear sky
501,Jardim,BR,-21.4803,-56.1381,91.26,30,100,0.27,overcast clouds
502,Brae,GB,60.3964,-1.353,30.2,55,75,36.82,light snow
503,Ruwi,OM,23.5996,58.5507,84.2,32,0,2.3,clear sky
504,Longyearbyen,SJ,78.2186,15.6401,24.8,63,75,26.46,broken clouds
505,Blagoyevo,RU,63.3667,47.9167,21.52,94,18,4.7,few clouds
506,Kargasok,RU,59.0556,80.8572,30.04,83,100,8.23,overcast clouds
507,Mörön,MN,47.3825,110.3165,32.34,59,0,3.18,clear sky
508,Māchalpur,IN,24.1333,76.3,82.92,11,0,5.66,clear sky
509,Puerto Escondido,MX,15.85,-97.0667,87.8,70,1,11.5,clear sky
510,San Vicente de Cañete,PE,-13.0751,-76.3835,74.68,74,55,7.87,broken clouds
511,Dukat,RU,62.55,155.55,-4.22,81,92,4.09,overcast clouds
512,Los Llanos de Aridane,ES,28.6585,-17.9182,66.2,59,90,1.97,overcast clouds
513,Lydenburg,ZA,-25.0978,30.4597,64.0,91,0,2.3,clear sky
514,Brawley,US,32.9787,-115.5303,98.6,8,1,8.32,clear sky
515,Gornoye Loo,RU,43.7129,39.6049,53.6,82,90,8.95,overcast clouds
516,Half Moon Bay,US,37.4636,-122.4286,63.0,67,1,13.8,clear sky
517,Huilong,CN,31.8111,121.655,50.0,66,1,10.33,clear sky
518,Partizanskoye,RU,55.5006,94.39,33.17,93,100,4.68,overcast clouds
519,Iporá,BR,-16.4419,-51.1178,79.29,69,83,4.43,light rain
520,Barstow,US,34.8986,-117.0228,91.4,6,1,16.11,clear sky
521,Richards Bay,ZA,-28.783,32.0377,64.87,80,0,4.47,clear sky
522,Pascagoula,US,30.3658,-88.5561,73.0,43,1,9.22,clear sky
523,Tarauacá,BR,-8.1614,-70.7656,82.58,70,93,1.7,light rain
524,Estrela,BR,-28.0611,-50.9383,64.92,69,89,4.38,overcast clouds
525,Pacific Grove,US,36.6177,-121.9166,61.0,55,1,13.8,clear sky
526,Alba,IT,44.6999,8.0347,48.2,66,8,2.3,clear sky
527,Wollongong,AU,-34.4333,150.8833,69.01,91,10,1.01,clear sky
528,Kochubey,RU,44.3861,46.5825,49.59,64,73,13.02,broken clouds
529,Yar-Sale,RU,66.8333,70.8333,31.73,98,100,5.61,light snow
530,Krasnoyarsk,RU,56.0097,92.7917,24.8,100,88,2.42,mist
531,Ankang,CN,32.68,109.0172,49.69,72,100,2.19,overcast clouds
532,Taylor,US,32.3001,-99.8337,66.2,59,90,11.5,overcast clouds
533,Aransas Pass,US,27.9095,-97.15,77.0,57,1,11.5,clear sky
534,Lüderitz,NA,-26.6481,15.1594,70.41,66,0,16.55,clear sky
535,Komono,JP,35.0,136.5167,57.2,72,75,27.63,broken clouds
536,Kuala Lipis,MY,4.1842,102.0468,74.05,98,56,0.78,broken clouds
537,Linxia Chengguanzhen,CN,35.6003,103.2064,38.68,81,61,4.32,broken clouds
538,Puerto del Rosario,ES,28.5004,-13.8627,66.2,63,20,12.66,few clouds
539,Oktyabr'skiy,RU,54.4815,53.471,32.13,85,100,11.63,overcast clouds
540,Poum,NC,-20.2333,164.0167,78.85,73,84,24.18,broken clouds
541,Omboué,GA,-1.5746,9.2618,78.91,89,100,7.34,light rain
542,Mīrābād,AF,30.4362,61.8383,68.67,24,100,19.28,overcast clouds
543,Phek,IN,25.6667,94.5,45.9,35,3,1.68,clear sky
544,Marystown,CA,47.1666,-55.1483,43.66,92,100,17.94,overcast clouds
545,Malé,MV,4.1748,73.5089,84.2,84,20,9.22,few clouds
546,Manyana,BW,-23.4,21.7167,75.45,31,28,2.28,scattered clouds
547,Taksimo,RU,56.3444,114.8794,19.78,92,99,4.12,light snow
548,Sambava,MG,-14.2667,50.1667,78.06,85,99,5.73,overcast clouds
549,Meulaboh,ID,4.1363,96.1285,76.51,88,100,3.53,overcast clouds
550,Houma,US,29.5958,-90.7195,73.99,43,1,6.91,clear sky
551,Marshfield,US,44.6689,-90.1718,73.4,21,1,14.97,clear sky
552,Largo,SL,8.2667,-12.15,80.55,76,34,5.73,scattered clouds
553,Shetpe,KZ,44.1667,52.1167,47.77,69,7,8.52,clear sky
554,Tamworth,AU,-31.1,150.9333,59.0,100,90,6.91,overcast clouds
555,Sørland,NO,67.667,12.6934,30.2,86,75,2.3,broken clouds
556,Pundaguitan,PH,6.3711,126.1689,80.74,76,90,8.43,overcast clouds
557,Kochevo,RU,59.5994,54.3125,17.53,98,62,3.62,broken clouds
558,Ibateguara,BR,-8.9725,-35.9394,78.8,89,75,6.91,broken clouds
559,Voi,KE,-3.3945,38.563,74.32,83,72,8.39,broken clouds
560,Koutiala,ML,12.3917,-5.4642,91.47,7,10,4.5,clear sky
561,Hanyang,CN,32.1371,105.5126,41.0,99,100,3.0,overcast clouds
562,Abaeté,BR,-19.16,-45.4458,77.74,60,100,4.68,overcast clouds
563,Harper,LR,4.375,-7.7169,79.57,86,49,5.44,light rain
564,Howard Springs,AU,-12.497,131.047,75.2,94,75,9.22,broken clouds
565,Tayu,ID,-6.5397,111.0518,77.61,86,100,4.36,overcast clouds
566,Gamba,GA,-2.65,10.0,78.85,90,100,6.44,light rain
567,Jombang,ID,-7.546,112.2331,77.0,88,20,6.91,haze
568,Spišské Podhradie,SK,49.0009,20.7531,28.0,80,20,3.44,few clouds
569,Mirny,RU,62.5353,113.9611,-18.81,100,96,4.25,overcast clouds
570,Tabou,CI,4.423,-7.3528,79.7,86,56,5.68,broken clouds
571,Carrollton,US,32.9537,-96.8903,73.0,56,90,10.36,overcast clouds
572,Samara Oblast,RU,53.0,50.0,32.0,80,0,6.71,clear sky
573,Topeka,US,39.0483,-95.678,82.99,34,1,16.11,clear sky
574,Puerto Madryn,AR,-42.7692,-65.0385,83.34,35,20,26.53,few clouds
575,Kamyshin,RU,50.0983,45.416,39.07,66,100,4.97,overcast clouds
576,Kingston,US,41.927,-73.9974,60.01,32,77,1.99,broken clouds
577,Agadez,NE,19.75,10.25,75.56,10,99,5.26,overcast clouds
578,Auki,SB,-8.7676,160.7034,81.36,77,98,2.98,overcast clouds
579,Plastun,RU,44.7561,136.2939,32.04,55,0,5.44,clear sky
580,Musoma,TZ,-1.5,33.8,68.0,94,75,9.26,broken clouds
581,Tizimín,MX,21.15,-88.15,85.41,34,44,15.12,scattered clouds
582,Chifeng,CN,42.2683,118.9636,42.31,26,55,6.26,broken clouds
583,Gazojak,TM,41.1875,61.4036,50.99,52,7,10.47,clear sky
584,Comodoro Rivadavia,AR,-45.8667,-67.5,82.4,24,0,10.36,clear sky
585,Keti Bandar,PK,24.1447,67.4497,80.26,72,2,12.48,clear sky
586,Muli,MV,2.9167,73.5667,83.35,75,43,14.76,scattered clouds
587,Ishigaki,JP,24.3448,124.1572,67.1,69,35,26.62,scattered clouds
588,Trofors,NO,65.5333,13.4063,30.2,86,75,2.3,light snow
589,Redlands,US,34.0556,-117.1825,86.0,14,75,7.25,broken clouds
590,Ubari,LY,26.5921,12.7805,76.1,10,10,15.84,clear sky
591,Trivandrum,IN,8.4833,76.9167,82.4,74,20,9.22,mist
592,Bolitoc,PH,15.7395,119.8769,77.58,75,5,3.87,clear sky
593,Nosy Varika,MG,-20.5833,48.5333,76.06,92,18,7.63,few clouds
594,Nurobod,UZ,40.9056,69.8023,50.0,93,40,4.61,scattered clouds
595,Malpe,IN,13.35,74.7167,82.4,74,40,5.75,scattered clouds
596,İskilip,TR,40.7353,34.4739,50.11,77,72,4.72,light rain
597,Carutapera,BR,-1.195,-46.02,77.11,93,100,8.14,overcast clouds
598,Fort-Shevchenko,KZ,44.5086,50.263,48.04,76,14,10.94,few clouds
599,Belgrade,US,45.776,-111.1769,72.0,15,1,11.5,clear sky
600,Gorin,RU,51.1983,136.6669,27.25,61,10,1.77,clear sky
601,Chara,RU,56.9064,118.2631,13.62,81,94,4.74,overcast clouds
602,Lac du Bonnet,CA,50.2536,-96.0612,57.0,51,100,8.01,overcast clouds
603,Alugan,PH,12.2188,125.4808,81.16,65,100,9.46,overcast clouds
604,Chunhuhub,MX,19.55,-88.6833,80.06,49,82,6.22,broken clouds
605,Tonantins,BR,-2.8731,-67.8022,80.26,95,100,1.41,moderate rain
606,Helena,US,46.5927,-112.0361,69.8,17,1,18.41,clear sky
607,Muzhi,RU,65.3667,64.6667,28.26,97,100,5.12,overcast clouds
608,Hirara,JP,24.8,125.2833,66.22,69,65,25.86,broken clouds
609,Tilichiki,RU,60.4667,166.1,11.91,91,100,15.37,light snow
610,Pemba,MZ,-12.974,40.5178,82.4,83,75,10.36,light rain
611,Nador,MA,35.174,-2.9287,60.8,82,0,4.61,clear sky
612,Mokhsogollokh,RU,61.4681,128.9203,-24.72,100,96,1.9,overcast clouds
613,Chegdomyn,RU,51.1167,133.0167,17.37,91,35,1.99,scattered clouds
614,Cockburn Town,TC,21.4612,-71.1419,77.0,57,75,17.27,broken clouds
615,Kovernino,RU,57.1253,43.8142,23.07,97,16,4.43,few clouds
616,Igrim,RU,63.1906,64.4162,30.74,98,100,4.36,overcast clouds
617,Pangai,TO,-19.8,-174.35,77.0,88,75,4.61,light rain
618,Matara,LK,5.9485,80.5353,75.36,88,100,6.44,overcast clouds
619,Boyolangu,ID,-8.1181,111.8935,75.16,90,100,0.58,overcast clouds
620,Berlevåg,NO,70.8578,29.0864,34.61,98,100,7.96,snow
621,Provincia di Cagliari,IT,39.245,9.0912,57.2,94,20,4.61,few clouds
622,Bjørnevatn,NO,69.6672,29.9847,33.8,100,75,13.8,broken clouds
623,Rudnyy,RU,44.2828,134.9594,26.94,66,1,3.47,clear sky
624,Bontang,ID,0.1333,117.5,78.33,85,99,2.3,overcast clouds
625,Port-Cartier,CA,50.0334,-66.8654,33.8,75,90,5.75,mist
626,Eydhafushi,MV,5.1033,73.0708,83.89,70,44,13.94,scattered clouds
627,Tsiroanomandidy,MG,-18.7667,46.0333,66.24,94,44,1.16,scattered clouds
628,Peddāpuram,IN,17.0833,82.1333,77.65,91,51,3.18,broken clouds
629,Ust-Maya,RU,60.4167,134.5333,-18.51,100,96,1.57,overcast clouds
630,Volga,RU,57.9516,38.3879,28.44,92,89,7.34,overcast clouds
631,Karatau,KZ,43.1667,70.4667,45.34,73,36,32.59,scattered clouds
632,Vasvár,HU,47.0493,16.7995,33.8,69,0,4.61,clear sky
633,Itarema,BR,-2.9248,-39.9167,79.81,81,99,13.15,overcast clouds
634,Inongo,CD,-1.95,18.2667,74.37,91,100,5.59,overcast clouds
635,Nang Rong,TH,14.6377,102.7914,79.0,99,100,4.36,overcast clouds
636,Inhambane,MZ,-23.865,35.3833,69.04,73,0,6.42,clear sky
637,Kindu,CD,-2.95,25.95,71.02,99,100,2.53,moderate rain
638,Tocopilla,CL,-22.092,-70.1979,71.76,66,82,5.82,broken clouds
639,Jaqué,PA,7.5175,-78.1703,83.19,75,99,0.81,light rain
640,Andreapol',RU,56.6513,32.2664,30.7,89,99,7.38,overcast clouds
641,Yandyki,RU,45.7691,47.1258,50.0,67,95,10.98,overcast clouds
642,Sayyan,YE,15.1718,44.3244,58.77,18,0,7.05,clear sky
643,Bud,NO,62.9088,6.9145,30.2,64,75,16.11,light snow
644,Uppsala County,SE,60.0,17.75,46.4,70,75,26.46,broken clouds
645,Hukuntsi,BW,-24.0,21.75,77.25,28,7,7.36,clear sky
646,Pokhara,NP,28.2333,83.9833,65.07,12,26,7.7,scattered clouds
647,Hashtrūd,IR,37.4779,47.0508,44.11,48,1,4.85,clear sky
648,Duque de Caxias,BR,-22.7856,-43.3117,80.6,65,20,10.36,few clouds
649,Angoche,MZ,-16.2325,39.9086,76.21,87,9,7.72,light rain
650,Yarmouth,CA,43.8335,-66.1156,33.01,93,90,31.07,light snow
651,Labuhan,ID,-6.8844,112.2051,77.58,85,100,5.68,overcast clouds
652,Yining,CN,29.0361,114.5636,52.74,84,100,1.74,light rain
653,Shchors,UA,51.8186,31.945,35.29,74,11,5.32,few clouds
654,Berdigestyakh,RU,62.0989,126.6992,-15.29,99,100,3.06,overcast clouds
655,Saint-Pierre,PM,46.7654,-56.1695,39.2,100,90,21.85,mist
656,Edd,ER,13.9297,41.6925,77.99,79,6,4.29,clear sky
657,Colares,PT,38.7992,-9.4469,60.01,77,0,6.91,clear sky
658,Upington,ZA,-28.4478,21.2561,77.0,38,3,3.44,clear sky
659,Panguna,PG,-6.3164,155.4848,71.37,92,100,1.57,overcast clouds
660,Arlit,NE,18.7369,7.3853,80.29,7,1,8.66,clear sky
661,Morant Bay,JM,17.8815,-76.4093,89.6,55,40,3.44,scattered clouds
662,Pucallpa,PE,-8.3791,-74.5539,84.2,70,75,8.05,broken clouds
663,Tornio,FI,65.8481,24.1466,35.6,87,20,19.57,few clouds
664,Yugorsk,RU,61.3133,63.3319,32.27,99,100,3.02,overcast clouds
665,Saint-Denis,RE,-20.8667,55.4667,78.8,78,40,13.8,scattered clouds
666,Starogard Gdański,PL,53.964,18.5264,42.01,61,79,11.81,broken clouds
667,Ranong,TH,9.9658,98.6348,77.43,87,84,2.13,broken clouds
668,Samarai,PG,-10.6167,150.6667,82.47,79,49,6.8,scattered clouds
669,Eenhana,NA,-17.4667,16.3333,73.4,68,3,2.3,clear sky
670,Mount Darwin,ZW,-16.7725,31.5838,63.32,68,0,3.69,clear sky
671,Soloneshnoye,RU,51.6544,84.3197,31.21,75,2,6.15,clear sky
672,Novikovo,RU,51.1537,37.8879,38.19,77,9,3.38,clear sky
673,Sidi Ali,DZ,36.0998,0.4206,54.45,77,1,7.65,clear sky
674,Bandarbeyla,SO,9.4942,50.8122,78.55,79,53,3.96,broken clouds
675,Baturaja,ID,-4.1333,104.1667,72.43,93,96,2.39,overcast clouds
676,Kankan,GN,10.3854,-9.3057,89.8,20,36,3.42,scattered clouds
677,Neyshabur,IR,36.2133,58.7958,48.33,57,5,2.71,clear sky
678,Aginskoye,RU,51.1,114.53,29.41,71,28,16.78,scattered clouds
679,Lagan,RU,45.3929,47.3707,48.96,72,100,12.84,overcast clouds
680,Okhotsk,RU,59.3833,143.3,20.01,95,100,2.68,light snow
681,Maba,CN,24.6841,113.5984,61.86,84,100,2.68,overcast clouds
682,Nabari,JP,34.6167,136.0833,54.0,63,100,9.44,overcast clouds
683,Tralee,IE,52.2704,-9.7026,45.23,93,74,8.32,broken clouds
684,Lakselv,NO,70.0513,24.9718,30.2,93,90,8.05,light snow
